{
    "stats": {
        "temp_ema": {
            "count": 60.0,
            "mean": 0.21362834994365337,
            "std": 0.16509945889749975,
            "min": -0.04030706704443087,
            "25%": 0.07268938634239917,
            "50%": 0.18442832031147538,
            "75%": 0.33878959039212403,
            "max": 0.5116480481955994
        },
        "ldr_ema": {
            "count": 60.0,
            "mean": -12.223391443644998,
            "std": 13.471504836633654,
            "min": -34.8991283453251,
            "25%": -26.769529535943448,
            "50%": -11.409923318975984,
            "75%": -0.4934215097430761,
            "max": 7.41793792
        }
    },
    "config": {
        "mode": "sim",
        "duration": 60,
        "port": null
    }
}