{
  "timestamp": "2026-04-11T06:06:32Z",
  "config": {
    "mode": "sim",
    "port": null,
    "baud": 115200,
    "duration": 60,
    "interval": 1.0
  },
  "stats": {
    "temp": {
      "mean": 23.393883333333335
    },
    "ldr": {
      "mean": 502.05333333333334
    }
  }
}