{
  "timestamp": "2026-04-11T06:55:36Z",
  "config": {
    "mode": "sim",
    "port": null,
    "baud": 115200,
    "duration": 60,
    "interval": 1.0
  },
  "stats": {
    "temp": {
      "mean": 23.38575
    },
    "ldr": {
      "mean": 501.7536166666667
    }
  }
}