iteracion,tiempo_segundos
1,0.023000
2,0.023000
3,0.022000
4,0.022000
5,0.023000
6,0.024000
7,0.022000
8,0.022000
9,0.022000
10,0.022000

Process returned 0 (0x0)   execution time : 0.426 s
Press any key to continue.
