Intento,Tiempo_Segundos
1,0.0002367999986745417
2,0.00011020002420991659
3,0.00010190001921728253
4,0.00010139998630620539
5,0.00010060000931844115
6,0.00010130001464858651
7,0.00010000000474974513
8,0.00011260001338087022
9,0.00010430000838823617
10,0.00010279999696649611
