Iteracion,Tiempo_Segundos
1,0.00001550
2,0.00000840
3,0.00000510
4,0.00000420
5,0.00000370
6,0.00000580
7,0.00000350
8,0.00000360
9,0.00000390
10,0.00000350
