Intento,Tiempo_Segundos
1,1.3400014722719789e-05
2,6.699992809444666e-06
3,4.799978341907263e-06
4,4.599976819008589e-06
5,4.6000059228390455e-06
6,4.5000051613897085e-06
7,4.3000036384910345e-06
8,4.4000043999403715e-06
9,4.4000043999403715e-06
10,4.399975296109915e-06
