Iteracion,Tiempo_Segundos
1,0.00000810
2,0.00000390
3,0.00000240
4,0.00000190
5,0.00000200
6,0.00000190
7,0.00000180
8,0.00000180
9,0.00000170
10,0.00000180
